{
    "gyro_offset": {
        "x": -1.4204885496183206,
        "y": 0.17523664122137414,
        "z": -1.5715114503816785
    },
    "accel_offset": {
        "x": 0.0604833984375,
        "y": -0.00976171875,
        "z": -2.0012392578125002
    }
}